key,value
algorithm,AODV-FB
effective_parameters,"algorithm=AODV-FB scr_enabled=0 B=4 rho=0.2 bucket_refill=0.5 Gmax=4 lambda=2 ttl_max=35 node_traversal_ms=40 net_traversal_ms=2800 rreq_rate_limit=10 rreq_retries=2 rreq_cap_legacy_equality=0 fork_rev=5"
num_nodes,60
area_side_m,700
speed_mps,5
num_flows,8
rate_pps,5
payload_bytes,512
freshness_s,3
block_size_m,10
k_blocks,2
theta,0.8
c3_fading,0
c3_feedback_loss,0
c3_clock_offset_ms,0
c3_feedback_dropped,0
ontime_observed,7335
ontime_true,7335
clock_disagreements,0
received,7634
duplicates,0
late,299
timely_pdr,0.680048
rng_seed,20260905
rng_run,204
exogenous_trajectory_hash,13009324340927160391
generated,10786
send_errors,0
transport_integration_error,0
no_route_drops,0
reports_accepted,264
reports_rejected,0
service_confirmations,8
source_rreq_originated,888
scr_admitted,0
scr_denied,0
scr_uncharged_rreq,0
scr_handoff_failed,0
scr_zero_delay_clamped,0
rreq_cap_overshot,0
rreq_backoff_clamped,0
rreq_max_cnt,2
deny_no_demand,0
deny_in_flight,0
deny_not_eligible,0
deny_cooldown_after_reply,0
deny_no_allowance,0
deny_no_node_token,0
deny_fifo,0
ctrl_rreq_relayed,19519
ctrl_rrep_sent,10469
ctrl_rerr_sent,7029
ctrl_bytes_sent,822416
radio_seconds_CCA_BUSY,101.473
radio_seconds_IDLE,17349.9
radio_seconds_RX,440.699
radio_seconds_TX,87.2542
